-- MySQL dump 10.13  Distrib 8.0.26, for Win64 (x86_64)
--
-- Host: localhost    Database: bd_gym
-- ------------------------------------------------------
-- Server version	8.0.26

/*!40101 SET @OLD_CHARACTER_SET_CLIENT=@@CHARACTER_SET_CLIENT */;
/*!40101 SET @OLD_CHARACTER_SET_RESULTS=@@CHARACTER_SET_RESULTS */;
/*!40101 SET @OLD_COLLATION_CONNECTION=@@COLLATION_CONNECTION */;
/*!50503 SET NAMES utf8 */;
/*!40103 SET @OLD_TIME_ZONE=@@TIME_ZONE */;
/*!40103 SET TIME_ZONE='+00:00' */;
/*!40014 SET @OLD_UNIQUE_CHECKS=@@UNIQUE_CHECKS, UNIQUE_CHECKS=0 */;
/*!40014 SET @OLD_FOREIGN_KEY_CHECKS=@@FOREIGN_KEY_CHECKS, FOREIGN_KEY_CHECKS=0 */;
/*!40101 SET @OLD_SQL_MODE=@@SQL_MODE, SQL_MODE='NO_AUTO_VALUE_ON_ZERO' */;
/*!40111 SET @OLD_SQL_NOTES=@@SQL_NOTES, SQL_NOTES=0 */;

--
-- Table structure for table `clientes`
--

DROP TABLE IF EXISTS `clientes`;
/*!40101 SET @saved_cs_client     = @@character_set_client */;
/*!50503 SET character_set_client = utf8mb4 */;
CREATE TABLE `clientes` (
  `id_Cliente` int NOT NULL AUTO_INCREMENT,
  `Nombres` varchar(150) NOT NULL,
  `Apellidos` varchar(150) NOT NULL,
  `NoDPI` varchar(40) NOT NULL,
  `Correo_electronico` varchar(100) NOT NULL,
  `No_telefono` varchar(45) NOT NULL,
  `Genero` bit(1) NOT NULL,
  `Estatura` varchar(15) NOT NULL,
  `Fecha_nacimiento` date NOT NULL,
  `edad` int NOT NULL,
  `Nombres_emergencia` varchar(150) NOT NULL,
  `Apellidos_emergencia` varchar(150) NOT NULL,
  `Telefono_emergencia` varchar(45) NOT NULL,
  `Fecha_actualizacion` datetime DEFAULT NULL,
  PRIMARY KEY (`id_Cliente`)
) ENGINE=InnoDB AUTO_INCREMENT=64 DEFAULT CHARSET=utf8mb4 COLLATE=utf8mb4_0900_ai_ci;
/*!40101 SET character_set_client = @saved_cs_client */;

--
-- Dumping data for table `clientes`
--

LOCK TABLES `clientes` WRITE;
/*!40000 ALTER TABLE `clientes` DISABLE KEYS */;
INSERT INTO `clientes` VALUES (1,'Lucia Maria','Gonzalez Mendez','1234567894531','maria@gmail.com','+502 51127712',_binary '\0','1.50 cm','0000-00-00',19,'Karla','Lopez','Ni',NULL),(2,'Lui','Paxel','1231231234122','luisc522@gmail.com','+50251231221',_binary '','1.40','2002-05-12',20,'Ni','Ni','Ni',NULL),(3,'Lucia','Ramirez','7812399123122','luci@gmail.com','+50256712812',_binary '\0','1.55','1999-01-22',23,'Andrea','Ramirez','+50256712412',NULL),(4,'Josue','Ramirez','7912391231481','josu@gmail.com','+50256123134',_binary '','1.90','1989-04-12',33,'Heidy','Lopez','+50256381221',NULL),(5,'Luc','ASDN','87868','NKNJKN','luiis',_binary '\0','1.22','2001-02-05',22,'hnkj','jnkj','nkjn',NULL),(6,'Karina','Gonzalez','87712','kar@gmail.com','77129312',_binary '\0','1.40','2009-04-12',12,'aasd','asda','asda',NULL),(7,'Anad','peres','89812773712','laila@gmail.com','981231212312',_binary '\0','1.80','2009-08-12',12,'jkj','jknjk','jnkj',NULL),(8,'Daniel','Ortega','8812312312','daniel@gmail.com','771231288',_binary '\0','1.70','2008-05-08',22,'jUAN','pEREZ','ASDA',NULL),(9,'Laiza','Ramos','99123129','laisa@gmail.com','21231212',_binary '\0','1.90','2002-02-09',19,'ok','imo','io',NULL),(10,'Maria','Mendez','9887128371283','Men@gmail.com','+50256712627',_binary '\0','1.90','2001-09-08',21,'Ni','Ni','Ni',NULL),(11,'Jose','Ramirez','8767128812451','jos@gmail.com','+50267881238',_binary '','1.50','2002-03-16',20,'Karina','Maran','+50278123912',NULL),(12,'Luis','Paxel','8877612928193','luip@gmail.com','+50257871291',_binary '\0','1.90','2002-04-22',20,'Ni','Ni','Ni',NULL),(13,'Lucia Maria','Mendez Torrez','9981231223441','maria99@gmail.com','+50256788718',_binary '\0','1.90','1989-01-22',33,'Ni','Ni','Ni',NULL),(14,'Carlos','Tercero','8912379881922','carloter@gmail.com','+50278123812',_binary '\0','1.66','2009-03-15',13,'Ni','Ni','Ni',NULL),(15,'Dulce','Maria','8812738121288','dulce@gmail.com','+50267712312',_binary '\0','1.88','1988-09-08',34,'Ni','Ni','Ni',NULL),(16,'Josefa','Gonzalez','8781299124123','josw@gmail.com','+50256771231',_binary '\0','1.88','2002-12-04',19,'Ni','Ni','Ni',NULL),(17,'Garcia','Granados','9881293881291','gran@gmail.com','+50267712312',_binary '','1.77','1999-04-09',23,'Ni','Ni','Ni',NULL),(18,'Alicia','Hernandez','8978798798789','alic@gmail.com','+50256712381',_binary '\0','1.99','1999-09-08',23,'Ni','Ni','Ni',NULL),(19,'Laila','Ramirez','8781239192939','liaal@gmail.com','+50257712387',_binary '\0','1.88','1922-05-09',100,'Ni','Ni','Ni',NULL),(20,'Maria','Lucia','9871923991889','maria@gmail.com','+50267812388',_binary '\0','1.66','2001-01-05',21,'Ni','Ni','Ni',NULL),(21,'Leonardo','Perez','8881238121234','leona@gmail.com','+50222131212',_binary '','1.77','1988-01-09',34,'Ni','Ni','Ni',NULL),(22,'Heidy','Lopez','8871239881947','her12@gmial.com','+50256712312',_binary '\0','1.88','1999-04-09',23,'Sandra','Maria','+50268812381',NULL),(23,'Lucrecia','Lous','8909182387918','lucre@gmail.com','+50257712381',_binary '','1.87','1998-02-02',24,'Ni','Ni','Ni',NULL),(24,'Juana','Lopez','8989123881234','juansda@gmail.com','+50257192399',_binary '\0','1.90','1998-12-09',23,'Ni','Ni','Ni',NULL),(25,'Samuel','Garcia','8771239912458','sam@gmail.com','+50267812377',_binary '','1.88','2002-12-09',19,'Ni','Ni','+50278812312',NULL),(26,'Jimena','Garcia','8788912312334','jimasd@gmail.com','+50257891239',_binary '\0','1.99','1999-02-01',23,'Ni','Ni','Ni',NULL),(27,'Jorfe','Aasdk','8778917923121','ajsjda@gmail.com','+50267912939',_binary '\0','1.99','1999-01-09',23,'Ni','Ni','Ni',NULL),(28,'Jas','Jkansdk','8129379879871','jas@gmail.com','+50226387122',_binary '\0','1.99','1999-01-04',23,'Ni','Ni','Ni',NULL),(29,'Jazmin','Perez','9878123687712','jaxs@gmail.com','+50257812399',_binary '\0','1.99','1999-09-09',23,'Ni','Ni','Ni',NULL),(30,'Marta','Perez','9987127648391','marta@gmail.com','+50267812367',_binary '\0','1.88','1998-04-09',24,'Ni','Ni','+50268812682',NULL),(31,'Secia','Kpeas','8767120458172','sef@gmail.com','+50278182371',_binary '\0','1.33','1999-04-12',23,'Ni','Ni','Ni',NULL),(32,'Hena','Padsad','8989126778409','herna@gmail.com','+50267812312',_binary '\0','1.88','1999-12-09',22,'Ni','Ni','Ni',NULL),(33,'Perez','Sanchez','9817238912312','peres@gmail.com','+50268812312',_binary '','1.22','1988-12-09',33,'Ni','Ni','Ni',NULL),(34,'Karla','Rivera','8981239129912','karlak@gmail.com','+50268812377',_binary '\0','1.77','1988-12-09',33,'Ni','Ni','Ni',NULL),(35,'Patricia','Lopez','8664910287618','pars33@gmail.com','+50268812377',_binary '','1.66','1988-12-09',33,'Garacia','Paasd','+50278123121',NULL),(36,'Karina','Perez','9871237650012','karina@gmail.com','+50258912819',_binary '\0','1.77','1988-01-09',34,'Ni','Ni','Ni',NULL),(37,'Hanna','Cordoba','7881231218821','hans@gmail.com','+50257712939',_binary '\0','1.55','1988-04-09',34,'Ni','Ni','Ni',NULL),(38,'Perla','Garcia','9976686638117','per@gmail.com','+50257812992',_binary '\0','1.55','1987-04-09',35,'Ni','Ni','Ni',NULL),(39,'Orlando Patricio','Gomez Sul','9876366738728','orlp@gmail.com','+50266537126',_binary '','1.88','2009-12-09',12,'Ni','Ni','Ni',NULL),(40,'Alicia','Lopes','8376563812899','alics33@gmail.com','+50257812942',_binary '\0','1.88','1999-01-08',23,'Ni','Ni','+50267812887',NULL),(41,'Perez','Marias','9891237478912','perknmk@gmail.com','+50268129398',_binary '\0','1.66','2005-09-12',17,'Ni','Ni','Ni',NULL),(42,'Torrez','Pewrez','9009712399842','torre@gmail.com','+50258718238',_binary '','1.89','2002-06-12',20,'Ni','Ni','+50267127781',NULL),(43,'Daisy','Rodriguez','9876362311328','day@gmail.com','+50257891283',_binary '','1.99','2002-12-09',19,'Ni','Ni','Ni',NULL),(44,'Karen Maria','Sul Lopez','9905797129904','kare33@gmail.com','+50267812212',_binary '\0','1.89','2002-05-12',20,'Ni','Ni','Ni',NULL),(45,'Josue','Garcia','8712676712341','josds@gmail.com','+50279812764',_binary '','1.888','1989-02-05',33,'Ni','Ni','Ni',NULL),(46,'Sergio','Mendez','9947887990128','serge@gmail.com','+50268712873',_binary '','1.90','2002-05-31',20,'Ni','Ni','Ni',NULL),(47,'Cecilia','Lopez','9878129974913','ce434@gmail.com','+50266812622',_binary '','1.88','2002-12-09',19,'Ni','Ni','Ni',NULL),(48,'Laiza','Ramos','9889716677291','laiss@gmail.com','+50267128771',_binary '','1.66','2004-12-09',17,'Ni','Ni','Ni',NULL),(49,'Perlas','Pasd','8987478916673','perlasd@gmial.com','+50266812621',_binary '\0','1.99','0012-09-09',2010,'Ni','Ni','Ni',NULL),(50,'Jairo','Lopez','8927167783918','jaeralkjnd@gmail.com','+50268716266',_binary '','1.77','1987-04-12',35,'Ni','Ni','Ni',NULL),(51,'Fabricio','Lopez','8787129901293','gabd@gmial.com','+50258127881',_binary '\0','1.88','2008-02-01',14,'Ni','Ni','+50257127631',NULL),(52,'Carolina','Reyes','9887676741740','carewe@gmail.com','+50258812719',_binary '\0','1.89','1999-09-08',23,'Ni','Ni','Ni',NULL),(53,'Karina','Jaras','9981652886121','kar@gmaillcom','+50257128819',_binary '\0','1.89','2009-12-09',12,'Ni','Ni','Ni',NULL),(54,'Mendesa','Peasdas','8812798991288','menda@gmail.com','+50268127891',_binary '','1.88','2003-12-09',18,'Ni','Ni','Ni',NULL),(55,'Santos','Lopez','8871290947121','satns@gmail.com','+50257182738',_binary '','1.66','1988-05-21',34,'Ni','Ni','Ni',NULL),(56,'Cesar','Miratos','4712788291213','cerre@gmail.com','+50241278821',_binary '','1.89','2002-08-12',20,'Ni','Ni','Ni',NULL),(57,'Carlos','Peresas','8912899388129','carlosadas@gmial.com','+50259099129',_binary '','1.77','2008-12-08',13,'Ni','Ni','Ni',NULL),(58,'Granados','Gean','9918289477182','granss@gmail.com','+50269128891',_binary '\0','1.55','2002-05-12',20,'Ni','Ni','Ni',NULL),(59,'Maria Gus','Gutierrez','9817278891729','haskkj@gmail.com','+50257128989',_binary '\0','1.22','2009-09-08',13,'Ni','Ni','Ni',NULL),(60,'Julia','Lpeasd','8978671627882','jul@gmail.com','+50268128901',_binary '','1.555','2002-04-03',20,'Ni','Ni','Ni',NULL),(61,'Leilas','Lourdes','1200499298491','leilas@gmail.com','+50258192040',_binary '\0','1.66','2002-12-08',19,'Ni','Ni','Ni',NULL),(62,'prov','prov','111111111','prob@gmail.com','7777777',_binary '','22','2022-11-26',13,'prov','prov','555555555','2022-11-26 23:44:17'),(63,'Heidy','Paola','8881872917291','jasasd@gmail.com','+50257817829',_binary '','1.77','2002-09-21',20,'Ni','Ni','Ni',NULL);
/*!40000 ALTER TABLE `clientes` ENABLE KEYS */;
UNLOCK TABLES;

--
-- Table structure for table `condiciones_energia`
--

DROP TABLE IF EXISTS `condiciones_energia`;
/*!40101 SET @saved_cs_client     = @@character_set_client */;
/*!50503 SET character_set_client = utf8mb4 */;
CREATE TABLE `condiciones_energia` (
  `idCondicion_Energia` int NOT NULL AUTO_INCREMENT,
  `idRegistro` int NOT NULL,
  `SaludGeneral` int NOT NULL,
  `Condicion_fisica` int NOT NULL,
  `Nivel_Nutricional` int NOT NULL,
  `Nivel_Estres` int NOT NULL,
  `fecha_actualizacion` datetime DEFAULT NULL,
  PRIMARY KEY (`idCondicion_Energia`),
  KEY `id__Registro_Registros_Idreg_idx` (`idRegistro`),
  CONSTRAINT `id__Registro_Registros_Idreg` FOREIGN KEY (`idRegistro`) REFERENCES `registros` (`idregistros`) ON UPDATE CASCADE
) ENGINE=InnoDB AUTO_INCREMENT=57 DEFAULT CHARSET=utf8mb4 COLLATE=utf8mb4_0900_ai_ci;
/*!40101 SET character_set_client = @saved_cs_client */;

--
-- Dumping data for table `condiciones_energia`
--

LOCK TABLES `condiciones_energia` WRITE;
/*!40000 ALTER TABLE `condiciones_energia` DISABLE KEYS */;
INSERT INTO `condiciones_energia` VALUES (1,1,3,3,4,4,NULL),(2,2,3,5,5,5,NULL),(3,3,2,4,5,3,NULL),(4,4,1,3,5,2,NULL),(5,5,1,3,4,3,NULL),(6,6,2,3,4,5,NULL),(7,7,4,3,5,3,NULL),(8,8,4,3,5,4,NULL),(9,9,3,3,3,4,NULL),(10,10,3,2,4,4,NULL),(11,11,4,2,5,3,NULL),(12,12,5,2,5,3,NULL),(13,13,4,3,3,3,NULL),(14,14,4,3,4,2,NULL),(15,15,3,4,4,3,NULL),(16,16,3,2,4,4,NULL),(17,17,4,2,4,4,NULL),(18,18,3,3,5,4,NULL),(19,19,3,2,5,4,NULL),(20,20,4,3,5,4,NULL),(21,21,3,4,4,4,NULL),(22,22,5,4,5,5,NULL),(23,23,4,2,5,4,NULL),(24,24,4,2,5,4,NULL),(25,25,5,3,5,4,NULL),(26,26,2,2,4,1,NULL),(27,28,4,4,4,4,NULL),(28,29,3,4,5,4,NULL),(29,30,3,3,5,4,NULL),(30,31,3,4,5,5,NULL),(31,32,3,3,5,3,NULL),(32,33,4,2,5,4,NULL),(33,34,4,2,5,4,NULL),(34,35,4,2,4,5,NULL),(35,36,3,3,4,4,NULL),(36,37,3,2,5,3,NULL),(37,38,4,3,4,5,NULL),(38,39,3,3,5,4,NULL),(39,40,4,0,4,5,NULL),(40,41,3,3,4,4,NULL),(41,42,2,3,4,4,NULL),(42,43,2,3,4,5,NULL),(43,44,2,3,4,5,NULL),(44,45,2,3,4,4,NULL),(45,46,3,3,5,5,NULL),(46,47,3,3,5,3,NULL),(47,48,3,3,5,5,NULL),(48,49,2,3,5,5,NULL),(49,50,3,4,5,5,NULL),(50,51,2,4,5,4,NULL),(51,52,2,3,5,5,NULL),(52,53,4,3,4,4,NULL),(53,54,3,3,5,5,NULL),(54,55,2,5,5,5,NULL),(55,56,2,4,5,5,NULL),(56,57,3,2,5,4,NULL);
/*!40000 ALTER TABLE `condiciones_energia` ENABLE KEYS */;
UNLOCK TABLES;

--
-- Table structure for table `control_clientes`
--

DROP TABLE IF EXISTS `control_clientes`;
/*!40101 SET @saved_cs_client     = @@character_set_client */;
/*!50503 SET character_set_client = utf8mb4 */;
CREATE TABLE `control_clientes` (
  `idControl_cliente` int NOT NULL AUTO_INCREMENT,
  `Id_registro` int NOT NULL,
  `id_control_peso` int NOT NULL,
  `id_control_medida_corporal` int NOT NULL,
  `observacion` varchar(400) DEFAULT NULL,
  `fecha_control` datetime NOT NULL,
  PRIMARY KEY (`idControl_cliente`),
  KEY `idcliente_Clientes_idClientes_idx` (`Id_registro`),
  KEY `id_controlPeso_ControlPesos_idControlP_idx` (`id_control_peso`),
  KEY `id_control_medida_corporal_MedidaC_idx` (`id_control_medida_corporal`),
  CONSTRAINT `id_control_peso_ControlPesos_idControlP` FOREIGN KEY (`id_control_peso`) REFERENCES `control_pesos` (`idcontrol_peso`) ON UPDATE CASCADE,
  CONSTRAINT `id_controlMedidasCorporal_ControlMC` FOREIGN KEY (`id_control_medida_corporal`) REFERENCES `control_medidas_corporales` (`idmedida_corporal`) ON UPDATE CASCADE,
  CONSTRAINT `IdRegistro_Registros_idRegistro` FOREIGN KEY (`Id_registro`) REFERENCES `registros` (`idregistros`) ON UPDATE CASCADE
) ENGINE=InnoDB DEFAULT CHARSET=utf8mb4 COLLATE=utf8mb4_0900_ai_ci;
/*!40101 SET character_set_client = @saved_cs_client */;

--
-- Dumping data for table `control_clientes`
--

LOCK TABLES `control_clientes` WRITE;
/*!40000 ALTER TABLE `control_clientes` DISABLE KEYS */;
/*!40000 ALTER TABLE `control_clientes` ENABLE KEYS */;
UNLOCK TABLES;

--
-- Table structure for table `control_medidas_corporales`
--

DROP TABLE IF EXISTS `control_medidas_corporales`;
/*!40101 SET @saved_cs_client     = @@character_set_client */;
/*!50503 SET character_set_client = utf8mb4 */;
CREATE TABLE `control_medidas_corporales` (
  `idmedida_corporal` int NOT NULL AUTO_INCREMENT,
  `Pectoral` varchar(20) NOT NULL,
  `Dorsal` varchar(20) NOT NULL,
  `Biceps` varchar(20) NOT NULL,
  `Antebrazos` varchar(20) NOT NULL,
  `Cintura` varchar(20) NOT NULL,
  `Cadera` varchar(20) NOT NULL,
  `Muslo` varchar(20) NOT NULL,
  `Pantorrila` varchar(20) NOT NULL,
  PRIMARY KEY (`idmedida_corporal`)
) ENGINE=InnoDB DEFAULT CHARSET=utf8mb4 COLLATE=utf8mb4_0900_ai_ci;
/*!40101 SET character_set_client = @saved_cs_client */;

--
-- Dumping data for table `control_medidas_corporales`
--

LOCK TABLES `control_medidas_corporales` WRITE;
/*!40000 ALTER TABLE `control_medidas_corporales` DISABLE KEYS */;
/*!40000 ALTER TABLE `control_medidas_corporales` ENABLE KEYS */;
UNLOCK TABLES;

--
-- Table structure for table `control_pesos`
--

DROP TABLE IF EXISTS `control_pesos`;
/*!40101 SET @saved_cs_client     = @@character_set_client */;
/*!50503 SET character_set_client = utf8mb4 */;
CREATE TABLE `control_pesos` (
  `idcontrol_peso` int NOT NULL AUTO_INCREMENT,
  `peso` varchar(20) NOT NULL,
  `grasa_corporal` varchar(20) NOT NULL,
  `porcentaje_agua` varchar(20) NOT NULL,
  `masa_muscular` varchar(20) NOT NULL,
  `valor_fisico` varchar(20) NOT NULL,
  `metabolismo_basal` varchar(20) NOT NULL,
  `edada_metabolica` varchar(20) NOT NULL,
  `masa_osea` varchar(20) NOT NULL,
  `grasa_visceral` varchar(20) NOT NULL,
  PRIMARY KEY (`idcontrol_peso`)
) ENGINE=InnoDB DEFAULT CHARSET=utf8mb4 COLLATE=utf8mb4_0900_ai_ci;
/*!40101 SET character_set_client = @saved_cs_client */;

--
-- Dumping data for table `control_pesos`
--

LOCK TABLES `control_pesos` WRITE;
/*!40000 ALTER TABLE `control_pesos` DISABLE KEYS */;
/*!40000 ALTER TABLE `control_pesos` ENABLE KEYS */;
UNLOCK TABLES;

--
-- Table structure for table `historial_clientesclinico`
--

DROP TABLE IF EXISTS `historial_clientesclinico`;
/*!40101 SET @saved_cs_client     = @@character_set_client */;
/*!50503 SET character_set_client = utf8mb4 */;
CREATE TABLE `historial_clientesclinico` (
  `idHistorial_clienteClinico` int NOT NULL AUTO_INCREMENT,
  `Id_pregunta` int NOT NULL,
  `Respuesta` bit(1) NOT NULL,
  `id_registro` int NOT NULL,
  `fecha_actualizacion` datetime DEFAULT NULL,
  PRIMARY KEY (`idHistorial_clienteClinico`),
  KEY `id_registro_registros_id_registro_idx` (`id_registro`),
  KEY `id_pregunta_Preguntas_idPregunta_idx` (`Id_pregunta`),
  CONSTRAINT `id_pregunta_Preguntas_idPregunta` FOREIGN KEY (`Id_pregunta`) REFERENCES `preguntascliente` (`idPreguntaCliente`) ON UPDATE CASCADE,
  CONSTRAINT `id_registro_registros_id_registro` FOREIGN KEY (`id_registro`) REFERENCES `registros` (`idregistros`) ON UPDATE CASCADE
) ENGINE=InnoDB AUTO_INCREMENT=1369 DEFAULT CHARSET=utf8mb4 COLLATE=utf8mb4_0900_ai_ci;
/*!40101 SET character_set_client = @saved_cs_client */;

--
-- Dumping data for table `historial_clientesclinico`
--

LOCK TABLES `historial_clientesclinico` WRITE;
/*!40000 ALTER TABLE `historial_clientesclinico` DISABLE KEYS */;
INSERT INTO `historial_clientesclinico` VALUES (1,1,_binary '',1,NULL),(2,2,_binary '',1,NULL),(3,3,_binary '\0',1,NULL),(4,4,_binary '\0',1,NULL),(5,5,_binary '\0',1,NULL),(6,6,_binary '\0',1,NULL),(7,7,_binary '\0',1,NULL),(8,8,_binary '\0',1,NULL),(9,9,_binary '\0',1,NULL),(10,10,_binary '\0',1,NULL),(11,11,_binary '',1,NULL),(12,12,_binary '',1,NULL),(13,13,_binary '\0',1,NULL),(14,14,_binary '\0',1,NULL),(15,15,_binary '\0',1,NULL),(16,16,_binary '\0',1,NULL),(17,17,_binary '\0',1,NULL),(18,18,_binary '\0',1,NULL),(19,19,_binary '\0',1,NULL),(20,20,_binary '\0',1,NULL),(21,21,_binary '\0',1,NULL),(22,22,_binary '\0',1,NULL),(23,23,_binary '\0',1,NULL),(24,24,_binary '\0',1,NULL),(25,1,_binary '',2,NULL),(26,2,_binary '',2,NULL),(27,3,_binary '',2,NULL),(28,4,_binary '',2,NULL),(29,5,_binary '',2,NULL),(30,6,_binary '',2,NULL),(31,7,_binary '',2,NULL),(32,8,_binary '',2,NULL),(33,9,_binary '',2,NULL),(34,10,_binary '',2,NULL),(35,11,_binary '\0',2,NULL),(36,12,_binary '\0',2,NULL),(37,13,_binary '\0',2,NULL),(38,14,_binary '\0',2,NULL),(39,15,_binary '\0',2,NULL),(40,16,_binary '\0',2,NULL),(41,17,_binary '\0',2,NULL),(42,18,_binary '\0',2,NULL),(43,19,_binary '\0',2,NULL),(44,20,_binary '\0',2,NULL),(45,21,_binary '\0',2,NULL),(46,22,_binary '\0',2,NULL),(47,23,_binary '\0',2,NULL),(48,24,_binary '\0',2,NULL),(49,1,_binary '',3,NULL),(50,2,_binary '',3,NULL),(51,3,_binary '',3,NULL),(52,4,_binary '',3,NULL),(53,5,_binary '',3,NULL),(54,6,_binary '',3,NULL),(55,7,_binary '\0',3,NULL),(56,8,_binary '\0',3,NULL),(57,9,_binary '\0',3,NULL),(58,10,_binary '\0',3,NULL),(59,11,_binary '\0',3,NULL),(60,12,_binary '\0',3,NULL),(61,13,_binary '\0',3,NULL),(62,14,_binary '\0',3,NULL),(63,15,_binary '\0',3,NULL),(64,16,_binary '\0',3,NULL),(65,17,_binary '\0',3,NULL),(66,18,_binary '\0',3,NULL),(67,19,_binary '\0',3,NULL),(68,20,_binary '\0',3,NULL),(69,21,_binary '\0',3,NULL),(70,22,_binary '\0',3,NULL),(71,23,_binary '\0',3,NULL),(72,24,_binary '\0',3,NULL),(73,1,_binary '',4,NULL),(74,2,_binary '\0',4,NULL),(75,3,_binary '',4,NULL),(76,4,_binary '\0',4,NULL),(77,5,_binary '\0',4,NULL),(78,6,_binary '\0',4,NULL),(79,7,_binary '\0',4,NULL),(80,8,_binary '\0',4,NULL),(81,9,_binary '\0',4,NULL),(82,10,_binary '\0',4,NULL),(83,11,_binary '\0',4,NULL),(84,12,_binary '\0',4,NULL),(85,13,_binary '\0',4,NULL),(86,14,_binary '\0',4,NULL),(87,15,_binary '\0',4,NULL),(88,16,_binary '\0',4,NULL),(89,17,_binary '\0',4,NULL),(90,18,_binary '\0',4,NULL),(91,19,_binary '\0',4,NULL),(92,20,_binary '\0',4,NULL),(93,21,_binary '\0',4,NULL),(94,22,_binary '\0',4,NULL),(95,23,_binary '\0',4,NULL),(96,24,_binary '\0',4,NULL),(97,1,_binary '',5,NULL),(98,2,_binary '',5,NULL),(99,3,_binary '',5,NULL),(100,4,_binary '',5,NULL),(101,5,_binary '',5,NULL),(102,6,_binary '\0',5,NULL),(103,7,_binary '\0',5,NULL),(104,8,_binary '\0',5,NULL),(105,9,_binary '\0',5,NULL),(106,10,_binary '\0',5,NULL),(107,11,_binary '\0',5,NULL),(108,12,_binary '\0',5,NULL),(109,13,_binary '\0',5,NULL),(110,14,_binary '\0',5,NULL),(111,15,_binary '\0',5,NULL),(112,16,_binary '\0',5,NULL),(113,17,_binary '\0',5,NULL),(114,18,_binary '\0',5,NULL),(115,19,_binary '\0',5,NULL),(116,20,_binary '\0',5,NULL),(117,21,_binary '\0',5,NULL),(118,22,_binary '\0',5,NULL),(119,23,_binary '\0',5,NULL),(120,24,_binary '\0',5,NULL),(121,1,_binary '',6,NULL),(122,2,_binary '',6,NULL),(123,3,_binary '',6,NULL),(124,4,_binary '',6,NULL),(125,5,_binary '\0',6,NULL),(126,6,_binary '\0',6,NULL),(127,7,_binary '\0',6,NULL),(128,8,_binary '\0',6,NULL),(129,9,_binary '\0',6,NULL),(130,10,_binary '\0',6,NULL),(131,11,_binary '\0',6,NULL),(132,12,_binary '\0',6,NULL),(133,13,_binary '\0',6,NULL),(134,14,_binary '\0',6,NULL),(135,15,_binary '\0',6,NULL),(136,16,_binary '\0',6,NULL),(137,17,_binary '\0',6,NULL),(138,18,_binary '\0',6,NULL),(139,19,_binary '\0',6,NULL),(140,20,_binary '\0',6,NULL),(141,21,_binary '\0',6,NULL),(142,22,_binary '\0',6,NULL),(143,23,_binary '\0',6,NULL),(144,24,_binary '\0',6,NULL),(145,1,_binary '',7,NULL),(146,2,_binary '',7,NULL),(147,3,_binary '',7,NULL),(148,4,_binary '',7,NULL),(149,5,_binary '\0',7,NULL),(150,6,_binary '\0',7,NULL),(151,7,_binary '\0',7,NULL),(152,8,_binary '\0',7,NULL),(153,9,_binary '\0',7,NULL),(154,10,_binary '\0',7,NULL),(155,11,_binary '\0',7,NULL),(156,12,_binary '\0',7,NULL),(157,13,_binary '\0',7,NULL),(158,14,_binary '\0',7,NULL),(159,15,_binary '\0',7,NULL),(160,16,_binary '\0',7,NULL),(161,17,_binary '\0',7,NULL),(162,18,_binary '\0',7,NULL),(163,19,_binary '\0',7,NULL),(164,20,_binary '\0',7,NULL),(165,21,_binary '\0',7,NULL),(166,22,_binary '\0',7,NULL),(167,23,_binary '\0',7,NULL),(168,24,_binary '\0',7,NULL),(169,1,_binary '',8,NULL),(170,2,_binary '',8,NULL),(171,3,_binary '\0',8,NULL),(172,4,_binary '\0',8,NULL),(173,5,_binary '\0',8,NULL),(174,6,_binary '\0',8,NULL),(175,7,_binary '\0',8,NULL),(176,8,_binary '\0',8,NULL),(177,9,_binary '\0',8,NULL),(178,10,_binary '\0',8,NULL),(179,11,_binary '\0',8,NULL),(180,12,_binary '\0',8,NULL),(181,13,_binary '\0',8,NULL),(182,14,_binary '\0',8,NULL),(183,15,_binary '\0',8,NULL),(184,16,_binary '\0',8,NULL),(185,17,_binary '\0',8,NULL),(186,18,_binary '\0',8,NULL),(187,19,_binary '\0',8,NULL),(188,20,_binary '\0',8,NULL),(189,21,_binary '\0',8,NULL),(190,22,_binary '\0',8,NULL),(191,23,_binary '\0',8,NULL),(192,24,_binary '\0',8,NULL),(193,1,_binary '',9,NULL),(194,2,_binary '',9,NULL),(195,3,_binary '\0',9,NULL),(196,4,_binary '\0',9,NULL),(197,5,_binary '\0',9,NULL),(198,6,_binary '\0',9,NULL),(199,7,_binary '\0',9,NULL),(200,8,_binary '\0',9,NULL),(201,9,_binary '\0',9,NULL),(202,10,_binary '\0',9,NULL),(203,11,_binary '\0',9,NULL),(204,12,_binary '\0',9,NULL),(205,13,_binary '\0',9,NULL),(206,14,_binary '\0',9,NULL),(207,15,_binary '\0',9,NULL),(208,16,_binary '\0',9,NULL),(209,17,_binary '\0',9,NULL),(210,18,_binary '\0',9,NULL),(211,19,_binary '\0',9,NULL),(212,20,_binary '\0',9,NULL),(213,21,_binary '\0',9,NULL),(214,22,_binary '\0',9,NULL),(215,23,_binary '\0',9,NULL),(216,24,_binary '\0',9,NULL),(217,1,_binary '',10,NULL),(218,2,_binary '',10,NULL),(219,3,_binary '\0',10,NULL),(220,4,_binary '\0',10,NULL),(221,5,_binary '\0',10,NULL),(222,6,_binary '\0',10,NULL),(223,7,_binary '\0',10,NULL),(224,8,_binary '\0',10,NULL),(225,9,_binary '\0',10,NULL),(226,10,_binary '\0',10,NULL),(227,11,_binary '\0',10,NULL),(228,12,_binary '',10,NULL),(229,13,_binary '\0',10,NULL),(230,14,_binary '\0',10,NULL),(231,15,_binary '\0',10,NULL),(232,16,_binary '\0',10,NULL),(233,17,_binary '\0',10,NULL),(234,18,_binary '\0',10,NULL),(235,19,_binary '\0',10,NULL),(236,20,_binary '\0',10,NULL),(237,21,_binary '\0',10,NULL),(238,22,_binary '\0',10,NULL),(239,23,_binary '\0',10,NULL),(240,24,_binary '\0',10,NULL),(241,1,_binary '',11,NULL),(242,2,_binary '',11,NULL),(243,3,_binary '\0',11,NULL),(244,4,_binary '\0',11,NULL),(245,5,_binary '\0',11,NULL),(246,6,_binary '\0',11,NULL),(247,7,_binary '\0',11,NULL),(248,8,_binary '\0',11,NULL),(249,9,_binary '\0',11,NULL),(250,10,_binary '\0',11,NULL),(251,11,_binary '\0',11,NULL),(252,12,_binary '\0',11,NULL),(253,13,_binary '\0',11,NULL),(254,14,_binary '\0',11,NULL),(255,15,_binary '\0',11,NULL),(256,16,_binary '\0',11,NULL),(257,17,_binary '\0',11,NULL),(258,18,_binary '',11,NULL),(259,19,_binary '\0',11,NULL),(260,20,_binary '\0',11,NULL),(261,21,_binary '\0',11,NULL),(262,22,_binary '\0',11,NULL),(263,23,_binary '\0',11,NULL),(264,24,_binary '\0',11,NULL),(265,1,_binary '\0',12,NULL),(266,2,_binary '\0',12,NULL),(267,3,_binary '',12,NULL),(268,4,_binary '\0',12,NULL),(269,5,_binary '\0',12,NULL),(270,6,_binary '',12,NULL),(271,7,_binary '\0',12,NULL),(272,8,_binary '\0',12,NULL),(273,9,_binary '\0',12,NULL),(274,10,_binary '\0',12,NULL),(275,11,_binary '\0',12,NULL),(276,12,_binary '\0',12,NULL),(277,13,_binary '\0',12,NULL),(278,14,_binary '\0',12,NULL),(279,15,_binary '\0',12,NULL),(280,16,_binary '',12,NULL),(281,17,_binary '\0',12,NULL),(282,18,_binary '',12,NULL),(283,19,_binary '\0',12,NULL),(284,20,_binary '\0',12,NULL),(285,21,_binary '\0',12,NULL),(286,22,_binary '\0',12,NULL),(287,23,_binary '\0',12,NULL),(288,24,_binary '\0',12,NULL),(289,1,_binary '\0',13,NULL),(290,2,_binary '\0',13,NULL),(291,3,_binary '\0',13,NULL),(292,4,_binary '\0',13,NULL),(293,5,_binary '\0',13,NULL),(294,6,_binary '',13,NULL),(295,7,_binary '\0',13,NULL),(296,8,_binary '\0',13,NULL),(297,9,_binary '\0',13,NULL),(298,10,_binary '\0',13,NULL),(299,11,_binary '\0',13,NULL),(300,12,_binary '\0',13,NULL),(301,13,_binary '\0',13,NULL),(302,14,_binary '\0',13,NULL),(303,15,_binary '\0',13,NULL),(304,16,_binary '\0',13,NULL),(305,17,_binary '\0',13,NULL),(306,18,_binary '\0',13,NULL),(307,19,_binary '\0',13,NULL),(308,20,_binary '\0',13,NULL),(309,21,_binary '\0',13,NULL),(310,22,_binary '\0',13,NULL),(311,23,_binary '\0',13,NULL),(312,24,_binary '\0',13,NULL),(313,1,_binary '',14,NULL),(314,2,_binary '\0',14,NULL),(315,3,_binary '\0',14,NULL),(316,4,_binary '\0',14,NULL),(317,5,_binary '\0',14,NULL),(318,6,_binary '\0',14,NULL),(319,7,_binary '\0',14,NULL),(320,8,_binary '\0',14,NULL),(321,9,_binary '\0',14,NULL),(322,10,_binary '\0',14,NULL),(323,11,_binary '\0',14,NULL),(324,12,_binary '\0',14,NULL),(325,13,_binary '\0',14,NULL),(326,14,_binary '\0',14,NULL),(327,15,_binary '\0',14,NULL),(328,16,_binary '\0',14,NULL),(329,17,_binary '\0',14,NULL),(330,18,_binary '',14,NULL),(331,19,_binary '\0',14,NULL),(332,20,_binary '\0',14,NULL),(333,21,_binary '\0',14,NULL),(334,22,_binary '\0',14,NULL),(335,23,_binary '\0',14,NULL),(336,24,_binary '\0',14,NULL),(337,1,_binary '',15,NULL),(338,2,_binary '',15,NULL),(339,3,_binary '\0',15,NULL),(340,4,_binary '\0',15,NULL),(341,5,_binary '\0',15,NULL),(342,6,_binary '\0',15,NULL),(343,7,_binary '\0',15,NULL),(344,8,_binary '\0',15,NULL),(345,9,_binary '\0',15,NULL),(346,10,_binary '\0',15,NULL),(347,11,_binary '\0',15,NULL),(348,12,_binary '\0',15,NULL),(349,13,_binary '\0',15,NULL),(350,14,_binary '\0',15,NULL),(351,15,_binary '\0',15,NULL),(352,16,_binary '\0',15,NULL),(353,17,_binary '\0',15,NULL),(354,18,_binary '',15,NULL),(355,19,_binary '\0',15,NULL),(356,20,_binary '',15,NULL),(357,21,_binary '\0',15,NULL),(358,22,_binary '\0',15,NULL),(359,23,_binary '\0',15,NULL),(360,24,_binary '\0',15,NULL),(361,1,_binary '',16,NULL),(362,2,_binary '',16,NULL),(363,3,_binary '\0',16,NULL),(364,4,_binary '\0',16,NULL),(365,5,_binary '\0',16,NULL),(366,6,_binary '\0',16,NULL),(367,7,_binary '\0',16,NULL),(368,8,_binary '\0',16,NULL),(369,9,_binary '\0',16,NULL),(370,10,_binary '\0',16,NULL),(371,11,_binary '\0',16,NULL),(372,12,_binary '\0',16,NULL),(373,13,_binary '',16,NULL),(374,14,_binary '',16,NULL),(375,15,_binary '',16,NULL),(376,16,_binary '\0',16,NULL),(377,17,_binary '\0',16,NULL),(378,18,_binary '\0',16,NULL),(379,19,_binary '\0',16,NULL),(380,20,_binary '\0',16,NULL),(381,21,_binary '\0',16,NULL),(382,22,_binary '\0',16,NULL),(383,23,_binary '\0',16,NULL),(384,24,_binary '\0',16,NULL),(385,1,_binary '',17,NULL),(386,2,_binary '',17,NULL),(387,3,_binary '\0',17,NULL),(388,4,_binary '\0',17,NULL),(389,5,_binary '\0',17,NULL),(390,6,_binary '\0',17,NULL),(391,7,_binary '\0',17,NULL),(392,8,_binary '\0',17,NULL),(393,9,_binary '\0',17,NULL),(394,10,_binary '\0',17,NULL),(395,11,_binary '\0',17,NULL),(396,12,_binary '\0',17,NULL),(397,13,_binary '\0',17,NULL),(398,14,_binary '\0',17,NULL),(399,15,_binary '',17,NULL),(400,16,_binary '',17,NULL),(401,17,_binary '\0',17,NULL),(402,18,_binary '\0',17,NULL),(403,19,_binary '\0',17,NULL),(404,20,_binary '\0',17,NULL),(405,21,_binary '\0',17,NULL),(406,22,_binary '\0',17,NULL),(407,23,_binary '\0',17,NULL),(408,24,_binary '\0',17,NULL),(409,1,_binary '',18,NULL),(410,2,_binary '',18,NULL),(411,3,_binary '\0',18,NULL),(412,4,_binary '\0',18,NULL),(413,5,_binary '\0',18,NULL),(414,6,_binary '\0',18,NULL),(415,7,_binary '\0',18,NULL),(416,8,_binary '\0',18,NULL),(417,9,_binary '\0',18,NULL),(418,10,_binary '\0',18,NULL),(419,11,_binary '',18,NULL),(420,12,_binary '',18,NULL),(421,13,_binary '\0',18,NULL),(422,14,_binary '\0',18,NULL),(423,15,_binary '\0',18,NULL),(424,16,_binary '\0',18,NULL),(425,17,_binary '\0',18,NULL),(426,18,_binary '\0',18,NULL),(427,19,_binary '\0',18,NULL),(428,20,_binary '\0',18,NULL),(429,21,_binary '\0',18,NULL),(430,22,_binary '\0',18,NULL),(431,23,_binary '\0',18,NULL),(432,24,_binary '\0',18,NULL),(433,1,_binary '',19,NULL),(434,2,_binary '',19,NULL),(435,3,_binary '\0',19,NULL),(436,4,_binary '\0',19,NULL),(437,5,_binary '\0',19,NULL),(438,6,_binary '\0',19,NULL),(439,7,_binary '\0',19,NULL),(440,8,_binary '\0',19,NULL),(441,9,_binary '\0',19,NULL),(442,10,_binary '\0',19,NULL),(443,11,_binary '\0',19,NULL),(444,12,_binary '\0',19,NULL),(445,13,_binary '\0',19,NULL),(446,14,_binary '\0',19,NULL),(447,15,_binary '\0',19,NULL),(448,16,_binary '',19,NULL),(449,17,_binary '\0',19,NULL),(450,18,_binary '\0',19,NULL),(451,19,_binary '\0',19,NULL),(452,20,_binary '\0',19,NULL),(453,21,_binary '\0',19,NULL),(454,22,_binary '\0',19,NULL),(455,23,_binary '\0',19,NULL),(456,24,_binary '\0',19,NULL),(457,1,_binary '',20,NULL),(458,2,_binary '\0',20,NULL),(459,3,_binary '',20,NULL),(460,4,_binary '\0',20,NULL),(461,5,_binary '',20,NULL),(462,6,_binary '\0',20,NULL),(463,7,_binary '',20,NULL),(464,8,_binary '\0',20,NULL),(465,9,_binary '',20,NULL),(466,10,_binary '\0',20,NULL),(467,11,_binary '\0',20,NULL),(468,12,_binary '\0',20,NULL),(469,13,_binary '\0',20,NULL),(470,14,_binary '\0',20,NULL),(471,15,_binary '\0',20,NULL),(472,16,_binary '\0',20,NULL),(473,17,_binary '\0',20,NULL),(474,18,_binary '\0',20,NULL),(475,19,_binary '\0',20,NULL),(476,20,_binary '\0',20,NULL),(477,21,_binary '\0',20,NULL),(478,22,_binary '\0',20,NULL),(479,23,_binary '\0',20,NULL),(480,24,_binary '\0',20,NULL),(481,1,_binary '',21,NULL),(482,2,_binary '',21,NULL),(483,3,_binary '',21,NULL),(484,4,_binary '\0',21,NULL),(485,5,_binary '\0',21,NULL),(486,6,_binary '\0',21,NULL),(487,7,_binary '\0',21,NULL),(488,8,_binary '\0',21,NULL),(489,9,_binary '\0',21,NULL),(490,10,_binary '\0',21,NULL),(491,11,_binary '\0',21,NULL),(492,12,_binary '\0',21,NULL),(493,13,_binary '\0',21,NULL),(494,14,_binary '\0',21,NULL),(495,15,_binary '\0',21,NULL),(496,16,_binary '\0',21,NULL),(497,17,_binary '\0',21,NULL),(498,18,_binary '\0',21,NULL),(499,19,_binary '\0',21,NULL),(500,20,_binary '\0',21,NULL),(501,21,_binary '\0',21,NULL),(502,22,_binary '\0',21,NULL),(503,23,_binary '\0',21,NULL),(504,24,_binary '\0',21,NULL),(505,1,_binary '',22,NULL),(506,2,_binary '\0',22,NULL),(507,3,_binary '',22,NULL),(508,4,_binary '\0',22,NULL),(509,5,_binary '\0',22,NULL),(510,6,_binary '\0',22,NULL),(511,7,_binary '\0',22,NULL),(512,8,_binary '\0',22,NULL),(513,9,_binary '\0',22,NULL),(514,10,_binary '\0',22,NULL),(515,11,_binary '\0',22,NULL),(516,12,_binary '\0',22,NULL),(517,13,_binary '\0',22,NULL),(518,14,_binary '\0',22,NULL),(519,15,_binary '\0',22,NULL),(520,16,_binary '\0',22,NULL),(521,17,_binary '\0',22,NULL),(522,18,_binary '\0',22,NULL),(523,19,_binary '\0',22,NULL),(524,20,_binary '\0',22,NULL),(525,21,_binary '\0',22,NULL),(526,22,_binary '\0',22,NULL),(527,23,_binary '\0',22,NULL),(528,24,_binary '\0',22,NULL),(529,1,_binary '\0',23,NULL),(530,2,_binary '\0',23,NULL),(531,3,_binary '',23,NULL),(532,4,_binary '\0',23,NULL),(533,5,_binary '\0',23,NULL),(534,6,_binary '\0',23,NULL),(535,7,_binary '\0',23,NULL),(536,8,_binary '\0',23,NULL),(537,9,_binary '\0',23,NULL),(538,10,_binary '\0',23,NULL),(539,11,_binary '\0',23,NULL),(540,12,_binary '\0',23,NULL),(541,13,_binary '\0',23,NULL),(542,14,_binary '\0',23,NULL),(543,15,_binary '\0',23,NULL),(544,16,_binary '\0',23,NULL),(545,17,_binary '\0',23,NULL),(546,18,_binary '\0',23,NULL),(547,19,_binary '\0',23,NULL),(548,20,_binary '\0',23,NULL),(549,21,_binary '\0',23,NULL),(550,22,_binary '\0',23,NULL),(551,23,_binary '\0',23,NULL),(552,24,_binary '\0',23,NULL),(553,1,_binary '',24,NULL),(554,2,_binary '',24,NULL),(555,3,_binary '\0',24,NULL),(556,4,_binary '\0',24,NULL),(557,5,_binary '\0',24,NULL),(558,6,_binary '\0',24,NULL),(559,7,_binary '\0',24,NULL),(560,8,_binary '\0',24,NULL),(561,9,_binary '\0',24,NULL),(562,10,_binary '\0',24,NULL),(563,11,_binary '\0',24,NULL),(564,12,_binary '\0',24,NULL),(565,13,_binary '\0',24,NULL),(566,14,_binary '\0',24,NULL),(567,15,_binary '\0',24,NULL),(568,16,_binary '\0',24,NULL),(569,17,_binary '\0',24,NULL),(570,18,_binary '\0',24,NULL),(571,19,_binary '\0',24,NULL),(572,20,_binary '\0',24,NULL),(573,21,_binary '\0',24,NULL),(574,22,_binary '\0',24,NULL),(575,23,_binary '\0',24,NULL),(576,24,_binary '\0',24,NULL),(577,1,_binary '\0',25,NULL),(578,2,_binary '\0',25,NULL),(579,3,_binary '\0',25,NULL),(580,4,_binary '\0',25,NULL),(581,5,_binary '\0',25,NULL),(582,6,_binary '\0',25,NULL),(583,7,_binary '\0',25,NULL),(584,8,_binary '\0',25,NULL),(585,9,_binary '',25,NULL),(586,10,_binary '\0',25,NULL),(587,11,_binary '\0',25,NULL),(588,12,_binary '\0',25,NULL),(589,13,_binary '\0',25,NULL),(590,14,_binary '\0',25,NULL),(591,15,_binary '\0',25,NULL),(592,16,_binary '\0',25,NULL),(593,17,_binary '\0',25,NULL),(594,18,_binary '\0',25,NULL),(595,19,_binary '\0',25,NULL),(596,20,_binary '\0',25,NULL),(597,21,_binary '\0',25,NULL),(598,22,_binary '\0',25,NULL),(599,23,_binary '\0',25,NULL),(600,24,_binary '\0',25,NULL),(601,1,_binary '\0',26,NULL),(602,2,_binary '\0',26,NULL),(603,3,_binary '\0',26,NULL),(604,4,_binary '\0',26,NULL),(605,5,_binary '\0',26,NULL),(606,6,_binary '\0',26,NULL),(607,7,_binary '\0',26,NULL),(608,8,_binary '\0',26,NULL),(609,9,_binary '\0',26,NULL),(610,10,_binary '',26,NULL),(611,11,_binary '\0',26,NULL),(612,12,_binary '\0',26,NULL),(613,13,_binary '\0',26,NULL),(614,14,_binary '\0',26,NULL),(615,15,_binary '\0',26,NULL),(616,16,_binary '\0',26,NULL),(617,17,_binary '\0',26,NULL),(618,18,_binary '\0',26,NULL),(619,19,_binary '\0',26,NULL),(620,20,_binary '\0',26,NULL),(621,21,_binary '\0',26,NULL),(622,22,_binary '\0',26,NULL),(623,23,_binary '\0',26,NULL),(624,24,_binary '\0',26,NULL),(625,1,_binary '\0',27,NULL),(626,2,_binary '\0',27,NULL),(627,3,_binary '\0',27,NULL),(628,4,_binary '\0',27,NULL),(629,5,_binary '\0',27,NULL),(630,6,_binary '\0',27,NULL),(631,7,_binary '\0',27,NULL),(632,8,_binary '\0',27,NULL),(633,9,_binary '\0',27,NULL),(634,10,_binary '\0',27,NULL),(635,11,_binary '\0',27,NULL),(636,12,_binary '\0',27,NULL),(637,13,_binary '\0',27,NULL),(638,14,_binary '\0',27,NULL),(639,15,_binary '\0',27,NULL),(640,16,_binary '\0',27,NULL),(641,17,_binary '\0',27,NULL),(642,18,_binary '\0',27,NULL),(643,19,_binary '\0',27,NULL),(644,20,_binary '\0',27,NULL),(645,21,_binary '\0',27,NULL),(646,22,_binary '\0',27,NULL),(647,23,_binary '\0',27,NULL),(648,24,_binary '\0',27,NULL),(649,1,_binary '',28,NULL),(650,2,_binary '\0',28,NULL),(651,3,_binary '',28,NULL),(652,4,_binary '\0',28,NULL),(653,5,_binary '\0',28,NULL),(654,6,_binary '\0',28,NULL),(655,7,_binary '\0',28,NULL),(656,8,_binary '',28,NULL),(657,9,_binary '\0',28,NULL),(658,10,_binary '',28,NULL),(659,11,_binary '',28,NULL),(660,12,_binary '\0',28,NULL),(661,13,_binary '',28,NULL),(662,14,_binary '',28,NULL),(663,15,_binary '\0',28,NULL),(664,16,_binary '\0',28,NULL),(665,17,_binary '\0',28,NULL),(666,18,_binary '\0',28,NULL),(667,19,_binary '\0',28,NULL),(668,20,_binary '\0',28,NULL),(669,21,_binary '\0',28,NULL),(670,22,_binary '\0',28,NULL),(671,23,_binary '\0',28,NULL),(672,24,_binary '\0',28,NULL),(673,1,_binary '\0',29,NULL),(674,2,_binary '\0',29,NULL),(675,3,_binary '\0',29,NULL),(676,4,_binary '\0',29,NULL),(677,5,_binary '\0',29,NULL),(678,6,_binary '',29,NULL),(679,7,_binary '\0',29,NULL),(680,8,_binary '\0',29,NULL),(681,9,_binary '\0',29,NULL),(682,10,_binary '\0',29,NULL),(683,11,_binary '\0',29,NULL),(684,12,_binary '\0',29,NULL),(685,13,_binary '\0',29,NULL),(686,14,_binary '\0',29,NULL),(687,15,_binary '\0',29,NULL),(688,16,_binary '\0',29,NULL),(689,17,_binary '\0',29,NULL),(690,18,_binary '\0',29,NULL),(691,19,_binary '\0',29,NULL),(692,20,_binary '\0',29,NULL),(693,21,_binary '\0',29,NULL),(694,22,_binary '\0',29,NULL),(695,23,_binary '\0',29,NULL),(696,24,_binary '\0',29,NULL),(697,1,_binary '',30,NULL),(698,2,_binary '',30,NULL),(699,3,_binary '',30,NULL),(700,4,_binary '\0',30,NULL),(701,5,_binary '\0',30,NULL),(702,6,_binary '\0',30,NULL),(703,7,_binary '\0',30,NULL),(704,8,_binary '\0',30,NULL),(705,9,_binary '\0',30,NULL),(706,10,_binary '\0',30,NULL),(707,11,_binary '\0',30,NULL),(708,12,_binary '\0',30,NULL),(709,13,_binary '\0',30,NULL),(710,14,_binary '\0',30,NULL),(711,15,_binary '\0',30,NULL),(712,16,_binary '\0',30,NULL),(713,17,_binary '\0',30,NULL),(714,18,_binary '\0',30,NULL),(715,19,_binary '\0',30,NULL),(716,20,_binary '\0',30,NULL),(717,21,_binary '\0',30,NULL),(718,22,_binary '\0',30,NULL),(719,23,_binary '\0',30,NULL),(720,24,_binary '\0',30,NULL),(721,1,_binary '',31,NULL),(722,2,_binary '',31,NULL),(723,3,_binary '',31,NULL),(724,4,_binary '',31,NULL),(725,5,_binary '',31,NULL),(726,6,_binary '',31,NULL),(727,7,_binary '',31,NULL),(728,8,_binary '',31,NULL),(729,9,_binary '',31,NULL),(730,10,_binary '',31,NULL),(731,11,_binary '',31,NULL),(732,12,_binary '',31,NULL),(733,13,_binary '\0',31,NULL),(734,14,_binary '\0',31,NULL),(735,15,_binary '\0',31,NULL),(736,16,_binary '\0',31,NULL),(737,17,_binary '\0',31,NULL),(738,18,_binary '\0',31,NULL),(739,19,_binary '\0',31,NULL),(740,20,_binary '\0',31,NULL),(741,21,_binary '\0',31,NULL),(742,22,_binary '\0',31,NULL),(743,23,_binary '\0',31,NULL),(744,24,_binary '\0',31,NULL),(745,1,_binary '',32,NULL),(746,2,_binary '',32,NULL),(747,3,_binary '',32,NULL),(748,4,_binary '',32,NULL),(749,5,_binary '\0',32,NULL),(750,6,_binary '\0',32,NULL),(751,7,_binary '\0',32,NULL),(752,8,_binary '\0',32,NULL),(753,9,_binary '\0',32,NULL),(754,10,_binary '\0',32,NULL),(755,11,_binary '\0',32,NULL),(756,12,_binary '\0',32,NULL),(757,13,_binary '\0',32,NULL),(758,14,_binary '\0',32,NULL),(759,15,_binary '\0',32,NULL),(760,16,_binary '\0',32,NULL),(761,17,_binary '\0',32,NULL),(762,18,_binary '\0',32,NULL),(763,19,_binary '\0',32,NULL),(764,20,_binary '\0',32,NULL),(765,21,_binary '\0',32,NULL),(766,22,_binary '\0',32,NULL),(767,23,_binary '\0',32,NULL),(768,24,_binary '\0',32,NULL),(769,1,_binary '',33,NULL),(770,2,_binary '',33,NULL),(771,3,_binary '\0',33,NULL),(772,4,_binary '\0',33,NULL),(773,5,_binary '\0',33,NULL),(774,6,_binary '\0',33,NULL),(775,7,_binary '\0',33,NULL),(776,8,_binary '\0',33,NULL),(777,9,_binary '\0',33,NULL),(778,10,_binary '\0',33,NULL),(779,11,_binary '',33,NULL),(780,12,_binary '',33,NULL),(781,13,_binary '\0',33,NULL),(782,14,_binary '\0',33,NULL),(783,15,_binary '\0',33,NULL),(784,16,_binary '\0',33,NULL),(785,17,_binary '\0',33,NULL),(786,18,_binary '\0',33,NULL),(787,19,_binary '\0',33,NULL),(788,20,_binary '\0',33,NULL),(789,21,_binary '\0',33,NULL),(790,22,_binary '\0',33,NULL),(791,23,_binary '\0',33,NULL),(792,24,_binary '\0',33,NULL),(793,1,_binary '',34,NULL),(794,2,_binary '\0',34,NULL),(795,3,_binary '\0',34,NULL),(796,4,_binary '\0',34,NULL),(797,5,_binary '\0',34,NULL),(798,6,_binary '\0',34,NULL),(799,7,_binary '\0',34,NULL),(800,8,_binary '\0',34,NULL),(801,9,_binary '\0',34,NULL),(802,10,_binary '\0',34,NULL),(803,11,_binary '\0',34,NULL),(804,12,_binary '\0',34,NULL),(805,13,_binary '\0',34,NULL),(806,14,_binary '\0',34,NULL),(807,15,_binary '\0',34,NULL),(808,16,_binary '\0',34,NULL),(809,17,_binary '\0',34,NULL),(810,18,_binary '\0',34,NULL),(811,19,_binary '\0',34,NULL),(812,20,_binary '\0',34,NULL),(813,21,_binary '\0',34,NULL),(814,22,_binary '\0',34,NULL),(815,23,_binary '\0',34,NULL),(816,24,_binary '\0',34,NULL),(817,1,_binary '\0',35,NULL),(818,2,_binary '\0',35,NULL),(819,3,_binary '\0',35,NULL),(820,4,_binary '\0',35,NULL),(821,5,_binary '',35,NULL),(822,6,_binary '\0',35,NULL),(823,7,_binary '\0',35,NULL),(824,8,_binary '\0',35,NULL),(825,9,_binary '\0',35,NULL),(826,10,_binary '\0',35,NULL),(827,11,_binary '\0',35,NULL),(828,12,_binary '\0',35,NULL),(829,13,_binary '\0',35,NULL),(830,14,_binary '\0',35,NULL),(831,15,_binary '',35,NULL),(832,16,_binary '\0',35,NULL),(833,17,_binary '\0',35,NULL),(834,18,_binary '',35,NULL),(835,19,_binary '\0',35,NULL),(836,20,_binary '\0',35,NULL),(837,21,_binary '\0',35,NULL),(838,22,_binary '\0',35,NULL),(839,23,_binary '\0',35,NULL),(840,24,_binary '\0',35,NULL),(841,1,_binary '',36,NULL),(842,2,_binary '',36,NULL),(843,3,_binary '\0',36,NULL),(844,4,_binary '\0',36,NULL),(845,5,_binary '\0',36,NULL),(846,6,_binary '\0',36,NULL),(847,7,_binary '\0',36,NULL),(848,8,_binary '\0',36,NULL),(849,9,_binary '\0',36,NULL),(850,10,_binary '\0',36,NULL),(851,11,_binary '',36,NULL),(852,12,_binary '\0',36,NULL),(853,13,_binary '\0',36,NULL),(854,14,_binary '\0',36,NULL),(855,15,_binary '\0',36,NULL),(856,16,_binary '\0',36,NULL),(857,17,_binary '\0',36,NULL),(858,18,_binary '\0',36,NULL),(859,19,_binary '\0',36,NULL),(860,20,_binary '\0',36,NULL),(861,21,_binary '\0',36,NULL),(862,22,_binary '\0',36,NULL),(863,23,_binary '\0',36,NULL),(864,24,_binary '\0',36,NULL),(865,1,_binary '',37,NULL),(866,2,_binary '',37,NULL),(867,3,_binary '\0',37,NULL),(868,4,_binary '\0',37,NULL),(869,5,_binary '\0',37,NULL),(870,6,_binary '\0',37,NULL),(871,7,_binary '\0',37,NULL),(872,8,_binary '\0',37,NULL),(873,9,_binary '\0',37,NULL),(874,10,_binary '\0',37,NULL),(875,11,_binary '\0',37,NULL),(876,12,_binary '\0',37,NULL),(877,13,_binary '\0',37,NULL),(878,14,_binary '\0',37,NULL),(879,15,_binary '\0',37,NULL),(880,16,_binary '\0',37,NULL),(881,17,_binary '\0',37,NULL),(882,18,_binary '\0',37,NULL),(883,19,_binary '\0',37,NULL),(884,20,_binary '\0',37,NULL),(885,21,_binary '\0',37,NULL),(886,22,_binary '\0',37,NULL),(887,23,_binary '\0',37,NULL),(888,24,_binary '\0',37,NULL),(889,1,_binary '',38,NULL),(890,2,_binary '\0',38,NULL),(891,3,_binary '',38,NULL),(892,4,_binary '\0',38,NULL),(893,5,_binary '\0',38,NULL),(894,6,_binary '\0',38,NULL),(895,7,_binary '\0',38,NULL),(896,8,_binary '\0',38,NULL),(897,9,_binary '\0',38,NULL),(898,10,_binary '\0',38,NULL),(899,11,_binary '\0',38,NULL),(900,12,_binary '\0',38,NULL),(901,13,_binary '\0',38,NULL),(902,14,_binary '\0',38,NULL),(903,15,_binary '\0',38,NULL),(904,16,_binary '\0',38,NULL),(905,17,_binary '\0',38,NULL),(906,18,_binary '\0',38,NULL),(907,19,_binary '\0',38,NULL),(908,20,_binary '\0',38,NULL),(909,21,_binary '\0',38,NULL),(910,22,_binary '\0',38,NULL),(911,23,_binary '\0',38,NULL),(912,24,_binary '\0',38,NULL),(913,1,_binary '',39,NULL),(914,2,_binary '',39,NULL),(915,3,_binary '\0',39,NULL),(916,4,_binary '\0',39,NULL),(917,5,_binary '\0',39,NULL),(918,6,_binary '\0',39,NULL),(919,7,_binary '\0',39,NULL),(920,8,_binary '\0',39,NULL),(921,9,_binary '\0',39,NULL),(922,10,_binary '\0',39,NULL),(923,11,_binary '',39,NULL),(924,12,_binary '',39,NULL),(925,13,_binary '\0',39,NULL),(926,14,_binary '\0',39,NULL),(927,15,_binary '\0',39,NULL),(928,16,_binary '\0',39,NULL),(929,17,_binary '\0',39,NULL),(930,18,_binary '\0',39,NULL),(931,19,_binary '\0',39,NULL),(932,20,_binary '\0',39,NULL),(933,21,_binary '\0',39,NULL),(934,22,_binary '\0',39,NULL),(935,23,_binary '\0',39,NULL),(936,24,_binary '\0',39,NULL),(937,1,_binary '',40,NULL),(938,2,_binary '',40,NULL),(939,3,_binary '\0',40,NULL),(940,4,_binary '\0',40,NULL),(941,5,_binary '\0',40,NULL),(942,6,_binary '\0',40,NULL),(943,7,_binary '\0',40,NULL),(944,8,_binary '\0',40,NULL),(945,9,_binary '\0',40,NULL),(946,10,_binary '\0',40,NULL),(947,11,_binary '',40,NULL),(948,12,_binary '',40,NULL),(949,13,_binary '\0',40,NULL),(950,14,_binary '\0',40,NULL),(951,15,_binary '\0',40,NULL),(952,16,_binary '\0',40,NULL),(953,17,_binary '\0',40,NULL),(954,18,_binary '\0',40,NULL),(955,19,_binary '\0',40,NULL),(956,20,_binary '\0',40,NULL),(957,21,_binary '\0',40,NULL),(958,22,_binary '\0',40,NULL),(959,23,_binary '\0',40,NULL),(960,24,_binary '\0',40,NULL),(961,1,_binary '',41,NULL),(962,2,_binary '',41,NULL),(963,3,_binary '\0',41,NULL),(964,4,_binary '\0',41,NULL),(965,5,_binary '\0',41,NULL),(966,6,_binary '\0',41,NULL),(967,7,_binary '\0',41,NULL),(968,8,_binary '\0',41,NULL),(969,9,_binary '\0',41,NULL),(970,10,_binary '\0',41,NULL),(971,11,_binary '',41,NULL),(972,12,_binary '\0',41,NULL),(973,13,_binary '\0',41,NULL),(974,14,_binary '\0',41,NULL),(975,15,_binary '\0',41,NULL),(976,16,_binary '\0',41,NULL),(977,17,_binary '\0',41,NULL),(978,18,_binary '\0',41,NULL),(979,19,_binary '\0',41,NULL),(980,20,_binary '\0',41,NULL),(981,21,_binary '\0',41,NULL),(982,22,_binary '\0',41,NULL),(983,23,_binary '\0',41,NULL),(984,24,_binary '\0',41,NULL),(985,1,_binary '',42,NULL),(986,2,_binary '',42,NULL),(987,3,_binary '\0',42,NULL),(988,4,_binary '\0',42,NULL),(989,5,_binary '\0',42,NULL),(990,6,_binary '\0',42,NULL),(991,7,_binary '\0',42,NULL),(992,8,_binary '\0',42,NULL),(993,9,_binary '\0',42,NULL),(994,10,_binary '\0',42,NULL),(995,11,_binary '\0',42,NULL),(996,12,_binary '\0',42,NULL),(997,13,_binary '\0',42,NULL),(998,14,_binary '\0',42,NULL),(999,15,_binary '\0',42,NULL),(1000,16,_binary '\0',42,NULL),(1001,17,_binary '\0',42,NULL),(1002,18,_binary '\0',42,NULL),(1003,19,_binary '\0',42,NULL),(1004,20,_binary '\0',42,NULL),(1005,21,_binary '\0',42,NULL),(1006,22,_binary '\0',42,NULL),(1007,23,_binary '\0',42,NULL),(1008,24,_binary '\0',42,NULL),(1009,1,_binary '',43,NULL),(1010,2,_binary '\0',43,NULL),(1011,3,_binary '\0',43,NULL),(1012,4,_binary '\0',43,NULL),(1013,5,_binary '\0',43,NULL),(1014,6,_binary '\0',43,NULL),(1015,7,_binary '\0',43,NULL),(1016,8,_binary '\0',43,NULL),(1017,9,_binary '\0',43,NULL),(1018,10,_binary '\0',43,NULL),(1019,11,_binary '',43,NULL),(1020,12,_binary '\0',43,NULL),(1021,13,_binary '\0',43,NULL),(1022,14,_binary '\0',43,NULL),(1023,15,_binary '\0',43,NULL),(1024,16,_binary '\0',43,NULL),(1025,17,_binary '\0',43,NULL),(1026,18,_binary '\0',43,NULL),(1027,19,_binary '\0',43,NULL),(1028,20,_binary '\0',43,NULL),(1029,21,_binary '\0',43,NULL),(1030,22,_binary '\0',43,NULL),(1031,23,_binary '\0',43,NULL),(1032,24,_binary '\0',43,NULL),(1033,1,_binary '',44,NULL),(1034,2,_binary '',44,NULL),(1035,3,_binary '\0',44,NULL),(1036,4,_binary '\0',44,NULL),(1037,5,_binary '\0',44,NULL),(1038,6,_binary '\0',44,NULL),(1039,7,_binary '\0',44,NULL),(1040,8,_binary '\0',44,NULL),(1041,9,_binary '\0',44,NULL),(1042,10,_binary '\0',44,NULL),(1043,11,_binary '',44,NULL),(1044,12,_binary '\0',44,NULL),(1045,13,_binary '\0',44,NULL),(1046,14,_binary '\0',44,NULL),(1047,15,_binary '\0',44,NULL),(1048,16,_binary '\0',44,NULL),(1049,17,_binary '\0',44,NULL),(1050,18,_binary '\0',44,NULL),(1051,19,_binary '\0',44,NULL),(1052,20,_binary '\0',44,NULL),(1053,21,_binary '\0',44,NULL),(1054,22,_binary '\0',44,NULL),(1055,23,_binary '\0',44,NULL),(1056,24,_binary '\0',44,NULL),(1057,1,_binary '',45,NULL),(1058,2,_binary '',45,NULL),(1059,3,_binary '',45,NULL),(1060,4,_binary '\0',45,NULL),(1061,5,_binary '\0',45,NULL),(1062,6,_binary '\0',45,NULL),(1063,7,_binary '\0',45,NULL),(1064,8,_binary '\0',45,NULL),(1065,9,_binary '\0',45,NULL),(1066,10,_binary '\0',45,NULL),(1067,11,_binary '',45,NULL),(1068,12,_binary '',45,NULL),(1069,13,_binary '\0',45,NULL),(1070,14,_binary '\0',45,NULL),(1071,15,_binary '\0',45,NULL),(1072,16,_binary '\0',45,NULL),(1073,17,_binary '\0',45,NULL),(1074,18,_binary '\0',45,NULL),(1075,19,_binary '\0',45,NULL),(1076,20,_binary '\0',45,NULL),(1077,21,_binary '\0',45,NULL),(1078,22,_binary '\0',45,NULL),(1079,23,_binary '\0',45,NULL),(1080,24,_binary '\0',45,NULL),(1081,1,_binary '',46,NULL),(1082,2,_binary '\0',46,NULL),(1083,3,_binary '\0',46,NULL),(1084,4,_binary '\0',46,NULL),(1085,5,_binary '\0',46,NULL),(1086,6,_binary '\0',46,NULL),(1087,7,_binary '\0',46,NULL),(1088,8,_binary '\0',46,NULL),(1089,9,_binary '\0',46,NULL),(1090,10,_binary '\0',46,NULL),(1091,11,_binary '\0',46,NULL),(1092,12,_binary '\0',46,NULL),(1093,13,_binary '\0',46,NULL),(1094,14,_binary '\0',46,NULL),(1095,15,_binary '\0',46,NULL),(1096,16,_binary '\0',46,NULL),(1097,17,_binary '\0',46,NULL),(1098,18,_binary '\0',46,NULL),(1099,19,_binary '\0',46,NULL),(1100,20,_binary '\0',46,NULL),(1101,21,_binary '\0',46,NULL),(1102,22,_binary '\0',46,NULL),(1103,23,_binary '\0',46,NULL),(1104,24,_binary '\0',46,NULL),(1105,1,_binary '',47,NULL),(1106,2,_binary '',47,NULL),(1107,3,_binary '\0',47,NULL),(1108,4,_binary '\0',47,NULL),(1109,5,_binary '\0',47,NULL),(1110,6,_binary '\0',47,NULL),(1111,7,_binary '\0',47,NULL),(1112,8,_binary '\0',47,NULL),(1113,9,_binary '\0',47,NULL),(1114,10,_binary '\0',47,NULL),(1115,11,_binary '\0',47,NULL),(1116,12,_binary '\0',47,NULL),(1117,13,_binary '\0',47,NULL),(1118,14,_binary '\0',47,NULL),(1119,15,_binary '\0',47,NULL),(1120,16,_binary '\0',47,NULL),(1121,17,_binary '\0',47,NULL),(1122,18,_binary '\0',47,NULL),(1123,19,_binary '\0',47,NULL),(1124,20,_binary '\0',47,NULL),(1125,21,_binary '\0',47,NULL),(1126,22,_binary '\0',47,NULL),(1127,23,_binary '\0',47,NULL),(1128,24,_binary '\0',47,NULL),(1129,1,_binary '',48,NULL),(1130,2,_binary '',48,NULL),(1131,3,_binary '\0',48,NULL),(1132,4,_binary '\0',48,NULL),(1133,5,_binary '\0',48,NULL),(1134,6,_binary '\0',48,NULL),(1135,7,_binary '\0',48,NULL),(1136,8,_binary '\0',48,NULL),(1137,9,_binary '\0',48,NULL),(1138,10,_binary '\0',48,NULL),(1139,11,_binary '',48,NULL),(1140,12,_binary '',48,NULL),(1141,13,_binary '\0',48,NULL),(1142,14,_binary '\0',48,NULL),(1143,15,_binary '\0',48,NULL),(1144,16,_binary '\0',48,NULL),(1145,17,_binary '\0',48,NULL),(1146,18,_binary '\0',48,NULL),(1147,19,_binary '\0',48,NULL),(1148,20,_binary '\0',48,NULL),(1149,21,_binary '\0',48,NULL),(1150,22,_binary '\0',48,NULL),(1151,23,_binary '\0',48,NULL),(1152,24,_binary '\0',48,NULL),(1153,1,_binary '',49,NULL),(1154,2,_binary '',49,NULL),(1155,3,_binary '',49,NULL),(1156,4,_binary '\0',49,NULL),(1157,5,_binary '\0',49,NULL),(1158,6,_binary '\0',49,NULL),(1159,7,_binary '\0',49,NULL),(1160,8,_binary '\0',49,NULL),(1161,9,_binary '\0',49,NULL),(1162,10,_binary '\0',49,NULL),(1163,11,_binary '',49,NULL),(1164,12,_binary '\0',49,NULL),(1165,13,_binary '\0',49,NULL),(1166,14,_binary '\0',49,NULL),(1167,15,_binary '\0',49,NULL),(1168,16,_binary '\0',49,NULL),(1169,17,_binary '\0',49,NULL),(1170,18,_binary '\0',49,NULL),(1171,19,_binary '\0',49,NULL),(1172,20,_binary '\0',49,NULL),(1173,21,_binary '\0',49,NULL),(1174,22,_binary '\0',49,NULL),(1175,23,_binary '\0',49,NULL),(1176,24,_binary '\0',49,NULL),(1177,1,_binary '',50,NULL),(1178,2,_binary '\0',50,NULL),(1179,3,_binary '\0',50,NULL),(1180,4,_binary '\0',50,NULL),(1181,5,_binary '\0',50,NULL),(1182,6,_binary '\0',50,NULL),(1183,7,_binary '\0',50,NULL),(1184,8,_binary '\0',50,NULL),(1185,9,_binary '\0',50,NULL),(1186,10,_binary '\0',50,NULL),(1187,11,_binary '',50,NULL),(1188,12,_binary '\0',50,NULL),(1189,13,_binary '\0',50,NULL),(1190,14,_binary '\0',50,NULL),(1191,15,_binary '\0',50,NULL),(1192,16,_binary '\0',50,NULL),(1193,17,_binary '\0',50,NULL),(1194,18,_binary '\0',50,NULL),(1195,19,_binary '\0',50,NULL),(1196,20,_binary '\0',50,NULL),(1197,21,_binary '\0',50,NULL),(1198,22,_binary '\0',50,NULL),(1199,23,_binary '\0',50,NULL),(1200,24,_binary '\0',50,NULL),(1201,1,_binary '',51,NULL),(1202,2,_binary '',51,NULL),(1203,3,_binary '\0',51,NULL),(1204,4,_binary '\0',51,NULL),(1205,5,_binary '\0',51,NULL),(1206,6,_binary '\0',51,NULL),(1207,7,_binary '\0',51,NULL),(1208,8,_binary '\0',51,NULL),(1209,9,_binary '\0',51,NULL),(1210,10,_binary '\0',51,NULL),(1211,11,_binary '',51,NULL),(1212,12,_binary '\0',51,NULL),(1213,13,_binary '\0',51,NULL),(1214,14,_binary '\0',51,NULL),(1215,15,_binary '\0',51,NULL),(1216,16,_binary '\0',51,NULL),(1217,17,_binary '\0',51,NULL),(1218,18,_binary '\0',51,NULL),(1219,19,_binary '\0',51,NULL),(1220,20,_binary '\0',51,NULL),(1221,21,_binary '\0',51,NULL),(1222,22,_binary '\0',51,NULL),(1223,23,_binary '\0',51,NULL),(1224,24,_binary '\0',51,NULL),(1225,1,_binary '',52,NULL),(1226,2,_binary '\0',52,NULL),(1227,3,_binary '\0',52,NULL),(1228,4,_binary '\0',52,NULL),(1229,5,_binary '\0',52,NULL),(1230,6,_binary '\0',52,NULL),(1231,7,_binary '\0',52,NULL),(1232,8,_binary '\0',52,NULL),(1233,9,_binary '\0',52,NULL),(1234,10,_binary '\0',52,NULL),(1235,11,_binary '',52,NULL),(1236,12,_binary '\0',52,NULL),(1237,13,_binary '\0',52,NULL),(1238,14,_binary '\0',52,NULL),(1239,15,_binary '\0',52,NULL),(1240,16,_binary '\0',52,NULL),(1241,17,_binary '\0',52,NULL),(1242,18,_binary '\0',52,NULL),(1243,19,_binary '\0',52,NULL),(1244,20,_binary '\0',52,NULL),(1245,21,_binary '\0',52,NULL),(1246,22,_binary '\0',52,NULL),(1247,23,_binary '\0',52,NULL),(1248,24,_binary '\0',52,NULL),(1249,1,_binary '',53,NULL),(1250,2,_binary '\0',53,NULL),(1251,3,_binary '\0',53,NULL),(1252,4,_binary '\0',53,NULL),(1253,5,_binary '\0',53,NULL),(1254,6,_binary '\0',53,NULL),(1255,7,_binary '\0',53,NULL),(1256,8,_binary '\0',53,NULL),(1257,9,_binary '\0',53,NULL),(1258,10,_binary '\0',53,NULL),(1259,11,_binary '',53,NULL),(1260,12,_binary '\0',53,NULL),(1261,13,_binary '\0',53,NULL),(1262,14,_binary '\0',53,NULL),(1263,15,_binary '\0',53,NULL),(1264,16,_binary '\0',53,NULL),(1265,17,_binary '\0',53,NULL),(1266,18,_binary '\0',53,NULL),(1267,19,_binary '\0',53,NULL),(1268,20,_binary '\0',53,NULL),(1269,21,_binary '\0',53,NULL),(1270,22,_binary '\0',53,NULL),(1271,23,_binary '\0',53,NULL),(1272,24,_binary '\0',53,NULL),(1273,1,_binary '',54,NULL),(1274,2,_binary '',54,NULL),(1275,3,_binary '\0',54,NULL),(1276,4,_binary '\0',54,NULL),(1277,5,_binary '\0',54,NULL),(1278,6,_binary '\0',54,NULL),(1279,7,_binary '\0',54,NULL),(1280,8,_binary '\0',54,NULL),(1281,9,_binary '\0',54,NULL),(1282,10,_binary '\0',54,NULL),(1283,11,_binary '',54,NULL),(1284,12,_binary '\0',54,NULL),(1285,13,_binary '\0',54,NULL),(1286,14,_binary '',54,NULL),(1287,15,_binary '\0',54,NULL),(1288,16,_binary '\0',54,NULL),(1289,17,_binary '\0',54,NULL),(1290,18,_binary '\0',54,NULL),(1291,19,_binary '\0',54,NULL),(1292,20,_binary '\0',54,NULL),(1293,21,_binary '\0',54,NULL),(1294,22,_binary '\0',54,NULL),(1295,23,_binary '\0',54,NULL),(1296,24,_binary '\0',54,NULL),(1297,1,_binary '',55,NULL),(1298,2,_binary '',55,NULL),(1299,3,_binary '',55,NULL),(1300,4,_binary '\0',55,NULL),(1301,5,_binary '\0',55,NULL),(1302,6,_binary '\0',55,NULL),(1303,7,_binary '\0',55,NULL),(1304,8,_binary '\0',55,NULL),(1305,9,_binary '\0',55,NULL),(1306,10,_binary '\0',55,NULL),(1307,11,_binary '',55,NULL),(1308,12,_binary '',55,NULL),(1309,13,_binary '\0',55,NULL),(1310,14,_binary '\0',55,NULL),(1311,15,_binary '\0',55,NULL),(1312,16,_binary '\0',55,NULL),(1313,17,_binary '\0',55,NULL),(1314,18,_binary '\0',55,NULL),(1315,19,_binary '\0',55,NULL),(1316,20,_binary '\0',55,NULL),(1317,21,_binary '',55,NULL),(1318,22,_binary '\0',55,NULL),(1319,23,_binary '\0',55,NULL),(1320,24,_binary '\0',55,NULL),(1321,1,_binary '',56,NULL),(1322,2,_binary '',56,NULL),(1323,3,_binary '',56,NULL),(1324,4,_binary '',56,NULL),(1325,5,_binary '',56,NULL),(1326,6,_binary '',56,NULL),(1327,7,_binary '',56,NULL),(1328,8,_binary '',56,NULL),(1329,9,_binary '',56,NULL),(1330,10,_binary '',56,NULL),(1331,11,_binary '\0',56,NULL),(1332,12,_binary '\0',56,NULL),(1333,13,_binary '\0',56,NULL),(1334,14,_binary '\0',56,NULL),(1335,15,_binary '\0',56,NULL),(1336,16,_binary '\0',56,NULL),(1337,17,_binary '\0',56,NULL),(1338,18,_binary '\0',56,NULL),(1339,19,_binary '\0',56,NULL),(1340,20,_binary '\0',56,NULL),(1341,21,_binary '\0',56,NULL),(1342,22,_binary '\0',56,NULL),(1343,23,_binary '\0',56,NULL),(1344,24,_binary '\0',56,NULL),(1345,1,_binary '',57,NULL),(1346,2,_binary '',57,NULL),(1347,3,_binary '\0',57,NULL),(1348,4,_binary '\0',57,NULL),(1349,5,_binary '\0',57,NULL),(1350,6,_binary '\0',57,NULL),(1351,7,_binary '\0',57,NULL),(1352,8,_binary '\0',57,NULL),(1353,9,_binary '\0',57,NULL),(1354,10,_binary '\0',57,NULL),(1355,11,_binary '\0',57,NULL),(1356,12,_binary '\0',57,NULL),(1357,13,_binary '\0',57,NULL),(1358,14,_binary '\0',57,NULL),(1359,15,_binary '\0',57,NULL),(1360,16,_binary '\0',57,NULL),(1361,17,_binary '\0',57,NULL),(1362,18,_binary '\0',57,NULL),(1363,19,_binary '\0',57,NULL),(1364,20,_binary '\0',57,NULL),(1365,21,_binary '\0',57,NULL),(1366,22,_binary '\0',57,NULL),(1367,23,_binary '\0',57,NULL),(1368,24,_binary '\0',57,NULL);
/*!40000 ALTER TABLE `historial_clientesclinico` ENABLE KEYS */;
UNLOCK TABLES;

--
-- Table structure for table `preguntascliente`
--

DROP TABLE IF EXISTS `preguntascliente`;
/*!40101 SET @saved_cs_client     = @@character_set_client */;
/*!50503 SET character_set_client = utf8mb4 */;
CREATE TABLE `preguntascliente` (
  `idPreguntaCliente` int NOT NULL AUTO_INCREMENT,
  `DescripcionPregunta` varchar(500) NOT NULL,
  `id_tipo_pregunta` int NOT NULL,
  PRIMARY KEY (`idPreguntaCliente`),
  KEY `id_tipo_pregunta_TipoPregunta_idTipoP_idx` (`id_tipo_pregunta`),
  CONSTRAINT `id_tipo_pregunta_TipoPregunta_idTipoP` FOREIGN KEY (`id_tipo_pregunta`) REFERENCES `tipo_preguntas` (`idTipo_pregunta`) ON UPDATE CASCADE
) ENGINE=InnoDB AUTO_INCREMENT=25 DEFAULT CHARSET=utf8mb4 COLLATE=utf8mb4_0900_ai_ci;
/*!40101 SET character_set_client = @saved_cs_client */;

--
-- Dumping data for table `preguntascliente`
--

LOCK TABLES `preguntascliente` WRITE;
/*!40000 ALTER TABLE `preguntascliente` DISABLE KEYS */;
INSERT INTO `preguntascliente` VALUES (1,'Problemas de corazn, dolor recurrente en el pecho o brazo.',1),(2,'Le ha sido diagnosticado(a) hipertension o toma medicamento para ello.',1),(3,'Problemas respiratorios (asma, sintomas de asfixia o falta de aire)',1),(4,'Diabetes o altos niveles de glucosa en la sangre.',1),(5,'Problemas Neurolgicos, (mareos, migraa cafelas, dolores de cabeza frecuentes, etc).',1),(6,'Problemas gastrointestinales o digestivos (gastritis, colitis, estreimiento, etc).',1),(7,'Problemas articulares, musculares o alguna limitacin fsica',1),(8,'Problemas relacionados al exceso de grasa corporal',1),(9,'Alergias',1),(10,'Algn tipo de cancer (no de piel)',1),(11,'Fuma?',1),(12,'Consume alcohol frecuentemente?',1),(13,'Consume algun tipo de droga (an con prescripcin medica)?',1),(14,'Toma medicamentos?',1),(15,'Cirugia reciente(ltimos 12 meses).',1),(16,'Hernia u otra condicin que se pueda agravar con el ejercicio?',1),(17,'Hace ejercicio regularmente?',1),(18,'Toma vitaminas o algn suplemento alimenticio?',1),(19,'Duerme lo suficiente?',1),(20,'Recomendacin medica contraindicada del ejercicio por alguna razon o diagntico reciente?',1),(21,'Esta usted embarazada, lactando o considera la posibilidad de estarlo?',2),(22,'Toma o a tomado anticonceptivos?',2),(23,'Por cuanto tiempo a tomado anticonceptivos?',2),(24,'Presenta alguna molestia o dolor en la mamas?',2);
/*!40000 ALTER TABLE `preguntascliente` ENABLE KEYS */;
UNLOCK TABLES;

--
-- Table structure for table `registros`
--

DROP TABLE IF EXISTS `registros`;
/*!40101 SET @saved_cs_client     = @@character_set_client */;
/*!50503 SET character_set_client = utf8mb4 */;
CREATE TABLE `registros` (
  `idregistros` int NOT NULL AUTO_INCREMENT,
  `id_cliente` int NOT NULL,
  `observacion_clinica` varchar(400) DEFAULT NULL,
  `fecha_inicio` date NOT NULL,
  PRIMARY KEY (`idregistros`),
  KEY `id_cliente_clientes_idCliente_idx` (`id_cliente`),
  CONSTRAINT `id_cliente_clientes_idCliente` FOREIGN KEY (`id_cliente`) REFERENCES `clientes` (`id_Cliente`) ON UPDATE CASCADE
) ENGINE=InnoDB AUTO_INCREMENT=58 DEFAULT CHARSET=utf8mb4 COLLATE=utf8mb4_0900_ai_ci;
/*!40101 SET character_set_client = @saved_cs_client */;

--
-- Dumping data for table `registros`
--

LOCK TABLES `registros` WRITE;
/*!40000 ALTER TABLE `registros` DISABLE KEYS */;
INSERT INTO `registros` VALUES (1,2,'HolaMundo','2022-11-22'),(2,3,NULL,'2022-11-22'),(3,4,'Buen dia :)','2022-11-24'),(4,10,'casav','2022-11-25'),(5,11,'Maran','2022-11-25'),(6,12,'casas','2022-11-25'),(7,13,NULL,'2022-11-25'),(8,14,NULL,'2022-11-25'),(9,15,NULL,'2022-11-25'),(10,16,NULL,'2022-11-25'),(11,17,NULL,'2022-11-25'),(12,18,NULL,'2022-11-25'),(13,19,NULL,'2022-11-25'),(14,20,NULL,'2022-11-25'),(15,21,NULL,'2022-11-25'),(16,22,'Hola bb','2022-11-25'),(17,23,NULL,'2022-11-25'),(18,24,'Hola de nuevo cracK jsjsj','2022-11-25'),(19,25,'Hola jsjsj','2022-11-25'),(20,26,'hola','2022-11-25'),(21,27,'hioqwsa','2022-11-25'),(22,28,NULL,'2022-11-25'),(23,29,NULL,'2022-11-25'),(24,30,'Hola mundo programadores','2022-11-25'),(25,31,NULL,'2022-11-25'),(26,32,NULL,'2022-11-25'),(27,33,NULL,'2022-11-25'),(28,34,'Hola Mundo Programador','2022-11-25'),(29,35,'Holaaaa','2022-11-25'),(30,36,'Holas','2022-11-25'),(31,37,'CasaDos','2022-11-25'),(32,38,NULL,'2022-11-25'),(33,39,NULL,'2022-11-25'),(34,40,'hhasda','2022-11-25'),(35,41,NULL,'2022-11-25'),(36,42,NULL,'2022-11-25'),(37,43,NULL,'2022-11-25'),(38,44,NULL,'2022-11-25'),(39,45,NULL,'2022-11-25'),(40,46,NULL,'2022-11-25'),(41,47,NULL,'2022-11-25'),(42,48,NULL,'2022-11-25'),(43,49,NULL,'2022-11-25'),(44,50,NULL,'2022-11-25'),(45,51,NULL,'2022-11-25'),(46,52,'asdasd','2022-11-25'),(47,53,NULL,'2022-11-25'),(48,54,NULL,'2022-11-25'),(49,55,'Hola','2022-11-25'),(50,56,NULL,'2022-11-25'),(51,57,NULL,'2022-11-25'),(52,58,NULL,'2022-11-25'),(53,59,NULL,'2022-11-25'),(54,60,NULL,'2022-11-25'),(55,61,'kansdnak','2022-11-25'),(56,62,'Prueba exitosa','2022-11-25'),(57,63,'casasassss','2022-11-27');
/*!40000 ALTER TABLE `registros` ENABLE KEYS */;
UNLOCK TABLES;

--
-- Table structure for table `tipo_preguntas`
--

DROP TABLE IF EXISTS `tipo_preguntas`;
/*!40101 SET @saved_cs_client     = @@character_set_client */;
/*!50503 SET character_set_client = utf8mb4 */;
CREATE TABLE `tipo_preguntas` (
  `idTipo_pregunta` int NOT NULL AUTO_INCREMENT,
  `Tipo_pregunta` varchar(100) NOT NULL,
  PRIMARY KEY (`idTipo_pregunta`)
) ENGINE=InnoDB AUTO_INCREMENT=6 DEFAULT CHARSET=utf8mb4 COLLATE=utf8mb4_0900_ai_ci;
/*!40101 SET character_set_client = @saved_cs_client */;

--
-- Dumping data for table `tipo_preguntas`
--

LOCK TABLES `tipo_preguntas` WRITE;
/*!40000 ALTER TABLE `tipo_preguntas` DISABLE KEYS */;
INSERT INTO `tipo_preguntas` VALUES (1,'General'),(2,'Especifica');
/*!40000 ALTER TABLE `tipo_preguntas` ENABLE KEYS */;
UNLOCK TABLES;
/*!40103 SET TIME_ZONE=@OLD_TIME_ZONE */;

/*!40101 SET SQL_MODE=@OLD_SQL_MODE */;
/*!40014 SET FOREIGN_KEY_CHECKS=@OLD_FOREIGN_KEY_CHECKS */;
/*!40014 SET UNIQUE_CHECKS=@OLD_UNIQUE_CHECKS */;
/*!40101 SET CHARACTER_SET_CLIENT=@OLD_CHARACTER_SET_CLIENT */;
/*!40101 SET CHARACTER_SET_RESULTS=@OLD_CHARACTER_SET_RESULTS */;
/*!40101 SET COLLATION_CONNECTION=@OLD_COLLATION_CONNECTION */;
/*!40111 SET SQL_NOTES=@OLD_SQL_NOTES */;

-- Dump completed on 2022-11-27  9:03:25
